city,state,jobs,company
,,Substitute Teacher,"
    ,
,
    ,
,
    ,
,
    ,
,
    ,
,
    ,
,
    ,
,
    ,
,
    ,
,
    ,
"
,,Apple Store Leader Program - College Graduate Level (US),"
    ,
,
    ,
,
    ,
,
    ,
,
    ,
,
    ,
,
    ,
,
    ,
,
    ,
,
    ,
"
,,File Clerk,"
    ,
,
    ,
,
    ,
,
    ,
,
    ,
,
    ,
,
    ,
,
    ,
,
    ,
,
    ,
"
,,Cyber Security Analyst,"
    ,
,
    ,
,
    ,
,
    ,
,
    ,
,
    ,
,
    ,
,
    ,
,
    ,
,
    ,
"
,,Lyft Driver (No Experience Needed),"
    ,
,
    ,
,
    ,
,
    ,
,
    ,
,
    ,
,
    ,
,
    ,
,
    ,
,
    ,
"
