city,jobs,state,company,test
"Philadelphia, PA,Philadelphia, PA,Malvern, PA,Philadelphia, PA,Philadelphia, PA","Part-time Traffic Checker,High School Representative - Ai Philadelphia,Warehouse Associate,Visitor Services Assistant,Staffing Coordinator,Administrative Support,Traffic Data Field Technician,Research Analyst I,Medical Office Receptionist,Network Operations Center Technician,Administrative Assistant,Office Assistant,Administrative Assistant, Part Time - Kindred Hospital, Phil...,LEASING CONSULTANT,Lyft Driver (No Experience Needed)",,"
    ,
    The Art Institutes,
    ,
    ,
,
    ,
,
    ,
,
    ,
,
    ,
,
    ,
,
    ,
,
    ,
,
    ,
,
    ,
,
    The Philly Apartment Company,
    ",
