test,jobs,company,state,city
,"Customer Service Manager, Customer Operations- PHL",,,"Philadelphia, PA"
,"Customer Service Manager, Customer Operations- PHL",,,"Philadelphia, PA"
,"Customer Service Manager, Customer Operations- PHL",,,"Philadelphia, PA"
,"Customer Service Manager, Customer Operations- PHL",,,"Philadelphia, PA"
,"Customer Service Manager, Customer Operations- PHL",,,"Philadelphia, PA"
,"Customer Service Manager, Customer Operations- PHL",,,"Philadelphia, PA"
,"Customer Service Manager, Customer Operations- PHL",,,"Philadelphia, PA"
,"Customer Service Manager, Customer Operations- PHL",,,"Philadelphia, PA"
,"Customer Service Manager, Customer Operations- PHL",,,"Philadelphia, PA"
,"Customer Service Manager, Customer Operations- PHL",,,"Philadelphia, PA"
,"Customer Service Manager, Customer Operations- PHL",,,"Philadelphia, PA"
,"Customer Service Manager, Customer Operations- PHL",,,"Philadelphia, PA"
,"Customer Service Manager, Customer Operations- PHL",,,"Philadelphia, PA"
,"Customer Service Manager, Customer Operations- PHL",,,"Philadelphia, PA"
,"Customer Service Manager, Customer Operations- PHL",,,"Philadelphia, PA"
